<?xml version="1.0" encoding="UTF-8"?>
<project-private xmlns="http://www.netbeans.org/ns/project-private/1">
    <editor-bookmarks xmlns="http://www.netbeans.org/ns/editor-bookmarks/2" lastBookmarkId="0"/>
    <open-files xmlns="http://www.netbeans.org/ns/projectui-open-files/2">
        <group>
            <file>file:/C:/Users/jovan/OneDrive/Documents/NetBeansProjects/TugasCRUDMovie/src/DataMovieInterface/DataMovieInterface.java</file>
            <file>file:/C:/Users/jovan/OneDrive/Documents/NetBeansProjects/TugasCRUDMovie/src/model/DataMovie.java</file>
            <file>file:/C:/Users/jovan/OneDrive/Documents/NetBeansProjects/TugasCRUDMovie/src/View/Main.java</file>
            <file>file:/C:/Users/jovan/OneDrive/Documents/NetBeansProjects/TugasCRUDMovie/src/DataMovieDAO/DataMovieDAO.java</file>
            <file>file:/C:/Users/jovan/OneDrive/Documents/NetBeansProjects/TugasCRUDMovie/src/model/ModelTabelDataMovie.java</file>
            <file>file:/C:/Users/jovan/OneDrive/Documents/NetBeansProjects/TugasCRUDMovie/src/View/MainView.java</file>
            <file>file:/C:/Users/jovan/OneDrive/Documents/NetBeansProjects/TugasCRUDMovie/src/controller/DataMovieController.java</file>
            <file>file:/C:/Users/jovan/OneDrive/Documents/NetBeansProjects/TugasCRUDMovie/src/Koneksi/connector.java</file>
        </group>
    </open-files>
</project-private>
